<database>
  <article name="first article" url="articles/article_article1.html" >
  </article>
  <article name="faq" url="articles/article_FAQ_article.html" >
  </article>
  <article name="second article" url="articles/article_article2.html" >
  </article>
  <article name="mediawiki article" url="articles/article_Mediawiki.html" >
  </article>
  <articleID id="faq" />
  <articleID id="first article" />
  <articleID id="mediawiki article" />
  <articleID id="second article" />
</database>
